Tanggal;Jenis Produk;Jumlah Order;Harga;Total
05/08/2022;Foodpak260;1000;1800;1800000
05/08/2022;FoodpakMatte245;1000;1900;1900000
05/08/2022;CraftLaminasi290;5000;750;3750000
05/08/2022;CraftLaminasi290;1000;1200;1200000
07/08/2022;Dupleks310;1000;1550;1550000
08/08/2022;Dupleks310;500;1900;950000
08/08/2022;Ivory270;1000;1700;1700000
09/08/2022;Kinstruk130;1000;1000;1000000
09/08/2022;HVS;1500;850;1275000
09/08/2022;Dupleks350;500;1800;900000
09/08/2022;Dupleks350;500;1800;900000
10/08/2022;Dupleks310;500;1600;800000
10/08/2022;Ivory270;1000;2000;2000000
11/08/2022;CraftLaminasi290;1000;850;850000
11/08/2022;Dupleks350;500;1800;900000
11/08/2022;Dupleks350;500;1800;900000
11/08/2022;Dupleks310;2000;1300;2600000
12/08/2022;CraftLaminasi;1000;1200;1200000
12/08/2022;Ivory270;1000;2000;2000000
12/08/2022;Dupleks350;1000;2200;2200000
12/08/2022;CraftLaminasi290;3000;800;2400000
12/08/2022;CraftLaminasi290;500;600;300000
13/08/2022;GRESSPROFF;1500;300;450000
15/08/2022;Ivory230+LaminasiDoff;1500;1100;1650000
15/08/2022;260Glossy;2000;2300;4600000
15/08/2022;CraftFoodpak290;1000;2200;2200000
15/08/2022;Ivory230;3000;950;2850000
15/08/2022;CraftFoodpak290;3000;875;2625000
15/08/2022;Dupleks310;2000;1600;3200000
15/08/2022;Foodpak260Matte;1000;2200;2200000
15/08/2022;Dupleks270;1000;1900;1900000
16/08/2022;Dupleks310;2000;1750;3500000
16/08/2022;Dupleks350;2000;1975;3950000
16/08/2022;Kinstruk130;2000;500;1000000
18/08/2022;CraftFoodpak290;1000;975;975000
18/08/2022;Dupleks270;500;2200;1100000
18/08/2022;Kinstruk150;500;900;450000
18/08/2022;FoodpakMatte245;1000;1800;1800000
22/08/2022;Dupleks310;2000;1710;3420000
22/08/2022;CraftFoodpak290;3500;1300;4550000
22/08/2022;Dupleks310;1000;1900;1900000
22/08/2022;Kinstruk260;3500;1650;5775000
22/08/2022;CraftFoodpak290;2000;1200;2400000
22/08/2022;CraftFoodpak290;2000;1850;3700000
22/08/2022;Dupleks310;2000;1800;3600000
22/08/2022;FoodpakGlossy;1000;2300;2300000
29/08/2022;Dupleks310;1000;1550;1550000
29/08/2022;Ivory230;2000;1450;2900000
29/08/2022;Dupleks310;1000;1800;1800000
30/08/2022;Ivory300;1000;1700;1700000
30/08/2022;Dupleks310;1500;1900;2850000
30/08/2022;Dupleks270Eplex;3000;1300;3900000
30/08/2022;Dupleks310;1000;2200;2200000
31/08/2022;Ivory250;1000;1600;1600000
31/08/2022;GreaseProof;1000;400;400000
01/09/2022;Foodpak295Matte;1000;1900;1900000
02/09/2022;Dupleks350;2000;1500;3000000
02/09/2022;Dupleks310;1000;1500;1500000
02/09/2022;GreaseProof;1000;500;500000
02/09/2022;Ivory230;2000;945;1890000
02/09/2022;CraftLaminasi290;5000;800;4000000
03/09/2022;CraftLaminasi290;6000;950;5700000
03/09/2022;HVS;20000;250;5000000
05/09/2022;CraftLaminasi290;1000;1100;1100000
05/09/2022;Ivory230;1000;1200;1200000
05/09/2022;Foodpak260Glossy;5000;1200;6000000
07/09/2022;Dupleks310;2000;1600;3200000
07/09/2022;Dupleks310;2000;1600;3200000
07/09/2022;GreaseProof;1000;400;400000
08/09/2022;CraftLaminasi290;5000;850;4250000
08/09/2022;Dupleks310;1000;2000;2000000
08/09/2022;Ivory270;500;5500;2750000
08/09/2022;Dupleks350;500;5500;2750000
08/09/2022;Ivory300;1000;2500;2500000
08/09/2022;GreaseProof;1000;300;300000
08/09/2022;Ivory300;2000;1500;3000000
14/09/2022;Dupleks350;1000;2800;2800000
14/09/2022;CraftLaminasi290;2000;1950;3900000
14/09/2022;Dupleks350;2000;1975;3950000
14/09/2022;CraftLaminasi290;1000;1200;1200000
14/09/2022;FoodpakGlossy260;1000;1800;1800000
14/09/2022;Foodpak295;1000;1600;1600000
14/09/2022;Foodpak295;1000;1600;1600000
14/09/2022;Dupleks270;1000;1800;1800000
14/09/2022;GreaseProof;1000;950;950000
14/09/2022;Foodpak260Glossy;1000;1600;1600000
14/09/2022;Dupleks350;1000;2500;2500000
14/09/2022;Dupleks400;1000;2500;2500000
19/09/2022;Dupleks310;500;1450;725000
19/09/2022;CraftLaminasi290;5000;1200;6000000
19/09/2022;Dupleks310;1000;1400;1400000
19/09/2022;Foodpak260Glossy;1000;1650;1650000
19/09/2022;FoodpakMatte245;2500;700;1750000
19/09/2022;Dupleks350;2000;1600;3200000
19/09/2022;Dupleks350;2000;1500;3000000
19/09/2022;Dupleks310;1000;1400;1400000
19/09/2022;Foodpak260Glossy;2000;2300;4600000
19/09/2022;CraftLaminasi290;4000;1700;6800000
19/09/2022;CraftLaminasi290;1000;1200;1200000
19/09/2022;Ivory250;1000;1650;1650000
19/09/2022;CraftLaminasi290;3000;1700;5100000
19/09/2022;CraftLaminasi290;1000;1200;1200000
24/09/2022;CraftLaminasi290;2000;1850;3700000
24/09/2022;CraftLaminasi290;2000;900;1800000
24/09/2022;Dupleks310;1000;1900;1900000
24/09/2022;Dupleks310;1000;1900;1900000
24/09/2022;Ivory270;2000;950;1900000
24/09/2022;Dupleks310;1000;2200;2200000
24/09/2022;Dupleks310;1000;1550;1550000
24/09/2022;CraftLaminasi290;3000;1000;3000000
24/09/2022;CraftLaminasi290;1000;850;850000
24/09/2022;CraftFoodpak290;3000;875;2625000
24/09/2022;FoodpakMatte295;1000;1900;1900000
24/09/2022;Dupleks310;1000;1500;1500000
24/09/2022;Craft290;1000;1350;1350000
24/09/2022;Ivory230;1000;1600;1600000
24/09/2022;Ivory230;1000;1600;1600000
24/09/2022;GreaseProof40;1000;300;300000
24/09/2022;Ivory230;1000;1700;1700000
24/09/2022;Dupleks350;1000;3450;3450000
24/09/2022;Dupleks310;2000;1800;3600000
24/09/2022;Foodpak260Glossy;5000;1450;7250000
24/09/2022;Ivory230;1000;1150;1150000
04/10/2022;Dupleks310;2000;1600;3200000
04/10/2022;FoodpakGlossy260;1000;1800;1800000
04/10/2022;Dupleks310;3000;1400;4200000
05/10/2022;CraftLaminasi290;4000;800;3200000
06/10/2022;CraftFoodpak290;1500;875;1312500
07/10/2022;HVS;20000;250;5000000
07/10/2022;Dupleks310;3500;1650;5775000
08/10/2022;Dupleks310;1000;2200;2200000
09/10/2022;Ivory270;1000;2300;2300000
10/10/2022;GreaseProofPlano;1000;300;300000
11/10/2022;Ivory270;1000;2700;2700000
12/10/2022;Ivory230;2000;1450;2900000
13/10/2022;Ivory230;2000;945;1890000
14/10/2022;CraftLaminasi290;2000;1850;3700000
15/10/2022;Ivory230;1500;1600;2400000
16/10/2022;Ivory230;1000;1700;1700000
17/10/2022;Dupleks310;2000;1400;2800000
18/10/2022;Dupleks310;1000;1550;1550000
19/10/2022;CraftLaminasi290;5000;850;4250000
19/10/2022;Ivory270;1000;2000;2000000
19/10/2022;CraftFoodpak290;1000;1200;1200000
19/10/2022;Ivory270;1000;3500;3500000
20/10/2022;CraftLaminasi290;5000;1200;6000000
21/10/2022;GreaseProof;3500;350;1225000
22/10/2022;Ivory250;2000;1400;2800000
23/10/2022;Dupleks310;3500;1700;5950000
24/10/2022;Dupleks350;2000;1975;3950000
24/10/2022;Dupleks350;1000;2200;2200000
24/10/2022;Dupleks270Laminating;1000;2000;2000000
24/10/2022;Ivory250;1000;1600;1600000
24/10/2022;Dupleks310;1000;1900;1900000
24/10/2022;Ivory270;1000;2700;2700000
24/10/2022;Ivory230;1000;1700;1700000
24/10/2022;Dupleks310;1000;1900;1900000
24/10/2022;GreaseProof;2000;275;550000
24/10/2022;PTSariIndahPackagingIndustry;100;3500;350000
24/10/2022;CraftLaminasi290;2000;1850;3700000
24/10/2022;Dupleks350;2000;1500;3000000
24/10/2022;CraftLaminasi290;4500;1600;7200000
24/10/2022;Craft310;1000;2000;2000000
24/10/2022;Dupleks310;600;2450;1470000
24/10/2022;Ivory230;1000;1100;1100000
24/10/2022;Ivory230;1000;1300;1300000
24/10/2022;Ivory250;1000;1700;1700000
24/10/2022;Ivory250;1000;2000;2000000
24/10/2022;Ivory300;2000;1500;3000000
24/10/2022;CraftFoodpak290;1000;975;975000
24/10/2022;CraftFoodpak290;1000;1200;1200000
24/10/2022;GreaseProof;1000;800;800000
05/11/2022;Dupleks310;1000;1550;1550000
05/11/2022;CraftLaminasi290;2000;900;1800000
05/11/2022;Ivory270;1000;850;850000
05/11/2022;Ivory230;3000;950;2850000
05/11/2022;CraftFoodpak290;1500;875;1312500
08/11/2022;CraftLaminasi290;1000;800;800000
08/11/2022;CraftLaminasi290;1000;850;850000
10/11/2022;Ivory270;1000;2000;2000000
10/11/2022;Ivory270;1000;2400;2400000
10/11/2022;Ivory270;1000;2900;2900000
10/11/2022;Ivory270;1000;3550;3550000
13/11/2022;FoodpakGlossy260;1000;1700;1700000
13/11/2022;Dupleks310;2000;1800;3600000
13/11/2022;Dupleks310;1000;1900;1900000
13/11/2022;Ivory250;1000;1700;1700000
13/11/2022;Dupleks310;2000;1300;2600000
13/11/2022;Ivory230;1500;1600;2400000
13/11/2022;CraftLaminasi290;5000;1200;6000000
13/11/2022;Ivory230;1000;1700;1700000
20/11/2022;Dupleks310P;2000;1600;3200000
20/11/2022;Craft290;1000;1100;1100000
20/11/2022;GreaseProof;1000;800;800000
20/11/2022;GreaseProof;1000;300;300000
20/11/2022;Dupleks310P;3000;1400;4200000
20/11/2022;Ivory250+Laminasi;1000;2500;2500000
20/11/2022;HVS;20000;250;5000000
20/11/2022;CraftFoodpak290;2000;875;1750000
22/11/2022;CraftLaminasi290;3000;800;2400000
22/11/2022;StikerA3;250;5500;1375000
22/11/2022;Dupleks310;2000;1600;3200000
22/11/2022;GreaseProof;1000;350;350000
22/11/2022;Dupleks270;1000;1800;1800000
22/11/2022;Dupleks350;2000;1975;3950000
22/11/2022;Ivory250;1000;1900;1900000
22/11/2022;Dupleks350;1000;2250;2250000
22/11/2022;Dupleks400;1000;2250;2250000
22/11/2022;Dupleks350;1000;2200;2200000
22/11/2022;Dupleks310;1000;1900;1900000
22/11/2022;Ivory300;1000;2400;2400000
22/11/2022;GreaseProof;1000;300;300000
23/11/2022;Dupleks310;2000;1800;3600000
23/11/2022;Foodpak260Glossy;5000;1200;6000000
23/11/2022;Ivory230;2000;945;1890000
23/11/2022;Dupleks350;2000;1500;3000000
23/11/2022;Ivory230;1000;1300;1300000
23/11/2022;Ivory230+LaminasiAlas;1000;1900;1900000
23/11/2022;CraftLaminasi290;2000;1850;3700000
23/11/2022;GreaseProof;1000;400;400000
26/11/2022;CraftLaminasi290;5000;850;4250000
26/11/2022;CraftLaminasi290;3000;650;1950000
26/11/2022;CraftBiasa310;1000;1700;1700000
26/11/2022;CraftLaminasi290;3000;1300;3900000
26/11/2022;Ivory230;1000;1100;1100000
26/11/2022;GreaseProof;1000;950;950000
26/11/2022;CraftLaminasi290;1000;900;900000
26/11/2022;Ivory230+Laminating;1000;1900;1900000
29/11/2022;Dupleks310;1000;1550;1550000
29/11/2022;Ivory300;1000;1500;1500000
29/11/2022;CraftLaminasi290;1000;1200;1200000
29/11/2022;Ivory270;1000;2600;2600000
29/11/2022;Ivory260Matte;1000;1800;1800000
29/11/2022;Craft310;3000;1400;4200000
29/11/2022;Ivory250;2000;1400;2800000
01/12/2022;Craft290Laminasi;3000;1200;3600000
01/12/2022;Foodpak260Matte;1000;1700;1700000
01/12/2022;Craft290Laminasi;1000;1500;1500000
01/12/2022;Foodpak260Glossy;5000;1450;7250000
02/12/2022;CraftLaminasi290;4000;1600;6400000
02/12/2022;Dupleks350;2000;1600;3200000
02/12/2022;Ivory270;2000;1900;3800000
03/12/2022;Ivory270;1000;2900;2900000
03/12/2022;GreaseProof;1000;800;800000
03/12/2022;Dupleks310;1000;1800;1800000
05/12/2022;Ivory230;2000;945;1890000
05/12/2022;Ivory230;1000;950;950000
06/12/2022;Dupleks310;2000;1600;3200000
07/12/2022;CraftLaminasi290;1000;850;850000
07/12/2022;CraftLaminasi290;2500;800;2000000
07/12/2022;CraftFoodpak290;1500;875;1312500
07/12/2022;Craft300;1000;1650;1650000
07/12/2022;Dupleks270;1000;1500;1500000
07/12/2022;Dupleks310;1000;1500;1500000
07/12/2022;Ivory230;1000;1700;1700000
07/12/2022;Dupleks350;1000;2200;2200000
07/12/2022;HVS;20000;250;5000000
07/12/2022;Foodpak260Matte;1000;1100;1100000
07/12/2022;Ivory230;3000;950;2850000
12/12/2022;Dupleks310;1000;2200;2200000
12/12/2022;Ivory300;1000;4300;4300000
12/12/2022;Ivory300;1000;2400;2400000
12/12/2022;Ivory230;1000;1800;1800000
12/12/2022;Foodpak295Matte;1000;1900;1900000
12/12/2022;Ivory270;1000;1750;1750000
12/12/2022;Ivory230;1500;1600;2400000
12/12/2022;Ivory230;1000;1650;1650000
13/12/2022;Ivory230;2000;950;1900000
13/12/2022;CraftLaminasi290;2000;1200;2400000
13/12/2022;DUPLEKS310;1000;1200;1200000
14/12/2022;Foodpak260Glossy;2000;2300;4600000
14/12/2022;Dupleks270;1000;2000;2000000
14/12/2022;Dupleks350;2000;1975;3950000
14/12/2022;KertasSisaIvory300;1000;800;800000
15/12/2022;CraftFoodpak290Laminasi;1000;1500;1500000
15/12/2022;Dupleks270Eplex;3000;1300;3900000
15/12/2022;Ivory270;1000;1500;1500000
15/12/2022;Ivory350;1000;3500;3500000
15/12/2022;Dupleks310;1000;1300;1300000
15/12/2022;FoodpakGlossy320;1000;3800;3800000
15/12/2022;FoodpakGlossy320;1000;2600;2600000
15/12/2022;Craft310;1000;950;950000
15/12/2022;Ivory250;1000;1700;1700000
15/12/2022;CraftLaminasi290;3000;1300;3900000
15/12/2022;Dupleks310;2000;1850;3700000
15/12/2022;Craft270;1000;950;950000
15/12/2022;Ivory230;2000;1450;2900000
15/12/2022;Craft310;5000;1200;6000000
15/12/2022;PTSARIINDAH;100;3000;300000
15/12/2022;CraftLaminasi290;2000;1600;3200000
15/12/2022;CraftLaminasi290;1000;1200;1200000
15/12/2022;Ivory250;1000;1650;1650000
15/12/2022;Dupleks310;1000;2300;2300000
15/12/2022;Dupleks350P;2000;1500;3000000
15/12/2022;NCR;100;18000;1800000
15/12/2022;Ivory230;1000;1200;1200000
15/12/2022;CraftLaminasi290;2000;900;1800000
15/12/2022;Ivory300;2000;1500;3000000
15/12/2022;Craft275;1000;1600;1600000
15/12/2022;Dupleks350;1000;2200;2200000
15/12/2022;Dupleks350;1000;2200;2200000
15/12/2022;Foodpak260Matte;1000;1700;1700000
15/12/2022;Dupleks310P;2000;1600;3200000
15/12/2022;Ivory230;1000;1700;1700000
15/12/2022;CraftLaminasi290;1500;850;1275000
15/12/2022;CraftLaminasi290;2000;800;1600000
15/12/2022;CraftFoodpak290;1500;875;1312500
15/12/2022;Dupleks310;2000;1400;2800000
15/12/2022;Craft275Biasa;1000;1000;1000000
15/12/2022;GreaseProof;1000;400;400000
01/01/2023;Dupleks310;2000;1800;3600000
01/01/2023;Ivory230;1000;1400;1400000
01/01/2023;Dupleks310;2000;1650;3300000
01/01/2023;Dupleks350;1000;2250;2250000
01/01/2023;Dupleks400;1000;2250;2250000
01/01/2023;Ivory230;1500;1600;2400000
01/01/2023;Dupleks310;1000;1800;1800000
01/01/2023;GreaseProof;2000;200;400000
01/01/2023;Dupleks310;1000;1900;1900000
01/01/2023;Dupleks310;2000;2000;4000000
01/01/2023;GreaseProof;2000;200;400000
01/01/2023;Ivory230;1000;950;950000
01/01/2023;Foodpak295;1000;1700;1700000
01/01/2023;Ivory270;2000;2250;4500000
01/01/2023;Ivory270;1000;1750;1750000
06/01/2023;CraftLaminasi290;4000;1600;6400000
06/01/2023;Duplex310;5000;1100;5500000
06/01/2023;Ivory230;1000;1000;1000000
06/01/2023;Foodpak245Matte;1000;1800;1800000
06/01/2023;Ivory230;1000;1700;1700000
06/01/2023;Foodpak260;1000;1700;1700000
06/01/2023;Foodpak260;1000;1800;1800000
06/01/2023;Ivory230;1000;1700;1700000
06/01/2023;CraftLaminasi290;5000;850;4250000
06/01/2023;Dupleks310;1000;1900;1900000
06/01/2023;Kinstruk150;1000;1000;1000000
06/01/2023;CraftLaminasi290;1000;4500;4500000
06/01/2023;CraftLaminasi290;1000;1300;1300000
06/01/2023;CraftLaminasi290;1000;3050;3050000
06/01/2023;Ivory250;2000;1400;2800000
06/01/2023;Ivory230;1000;1600;1600000
06/01/2023;Ivory270;1000;1900;1900000
06/01/2023;Ivory270;1000;1500;1500000
06/01/2023;GreaseProof;1000;400;400000
06/01/2023;Dupleks270;1000;1500;1500000
06/01/2023;HVS;20000;250;5000000
06/01/2023;Dupleks310;1000;1800;1800000
06/01/2023;Dupleks310;1000;2200;2200000
06/01/2023;Dupleks310;1000;1550;1550000
06/01/2023;CraftLaminasi290;6000;950;5700000
06/01/2023;CraftLaminasi290;3000;800;2400000
06/01/2023;CraftFoodpak290;1500;875;1312500
06/01/2023;Dupleks350;2000;1975;3950000
06/01/2023;Ivory230;1000;1400;1400000
06/01/2023;Dupleks350;2000;1600;3200000
06/01/2023;Dupleks310;1000;2000;2000000
06/01/2023;Craft275;4000;700;2800000
06/01/2023;GreaseProof;1000;100;100000
06/01/2023;Dupleks310;1000;1800;1800000
06/01/2023;Dupleks310;1000;2200;2200000
06/01/2023;Dupleks310;3500;1700;5950000
06/01/2023;GreaseProof;1000;1200;1200000
06/01/2023;FoodpakMatte245;1000;1500;1500000
06/01/2023;CraftLaminasi290;1500;850;1275000
06/01/2023;CEMERLANGINDAHSELARAS;1000;1850;1850000
06/01/2023;Ivory270;1000;1750;1750000
06/01/2023;GreaseProof;2000;300;600000
06/01/2023;Ivory245Matte;1000;1800;1800000
06/01/2023;Dupleks310;1000;2000;2000000
06/01/2023;Ivory230;1000;1000;1000000
06/01/2023;Craft310;5000;1200;6000000
06/01/2023;FoodpakMatte245;4000;1000;4000000
06/01/2023;Ivory230;1500;1600;2400000
06/01/2023;Dupleks350;1000;3000;3000000
06/01/2023;Dupleks350;1000;2650;2650000
06/01/2023;Dupleks350;500;3800;1900000
06/01/2023;Dupleks350;500;2600;1300000
06/01/2023;GreaseProof;500;300;150000
06/01/2023;GreaseProof;2000;400;800000
06/01/2023;Dupleks350;1000;2000;2000000
06/01/2023;Dupleks310;2000;1900;3800000
06/01/2023;Ivory300;1000;2400;2400000
06/01/2023;GreaseProof;1000;300;300000
01/02/2023;Ivory230;1000;1350;1350000
01/02/2023;Dupleks310;1000;1700;1700000
01/02/2023;FoodpakMatte245;1000;900;900000
01/02/2023;Foodpak260Glossy;5000;1450;7250000
01/02/2023;CraftLaminasi290;4000;1600;6400000
01/02/2023;FoodpakMatte245;1000;1600;1600000
05/02/2023;CEMERLANGINDAHSELARAS;1000;1850;1850000
05/02/2023;Ivory230;1000;1600;1600000
05/02/2023;CraftLaminasi290;2000;900;1800000
05/02/2023;Duplex310;5000;1100;5500000
05/02/2023;GreaseProof;3500;250;875000
05/02/2023;Ivory230;1000;1400;1400000
05/02/2023;Ivory230;1000;950;950000
09/02/2023;CraftFoodpak290;1500;1200;1800000
09/02/2023;FoodpakMatte245;1000;1200;1200000
09/02/2023;Dupleks310;2000;1900;3800000
09/02/2023;Dupleks310P;2000;1450;2900000
09/02/2023;Dupleks350P;2000;1500;3000000
09/02/2023;Dupleks310;1000;2000;2000000
09/02/2023;Ivory270;2000;1900;3800000
09/02/2023;CraftBiasa310;1000;1700;1700000
09/02/2023;GreaseProof;1000;300;300000
09/02/2023;CraftPackaging8;1000;1200;1200000
13/02/2023;Foodpak260Glossy;3500;2300;8050000
13/02/2023;CraftPackaging8;1000;1200;1200000
13/02/2023;Ivory270;1000;2600;2600000
13/02/2023;CraftLaminasi290;2000;800;1600000
13/02/2023;CraftFoodpak290;1000;875;875000
13/02/2023;CraftLaminasi290;1000;850;850000
13/02/2023;Ivory230;3500;750;2625000
13/02/2023;PTSARIINDAH;100;3000;300000
13/02/2023;KertasFolio;50;12000;600000
16/02/2023;Ivory230;1000;1000;1000000
16/02/2023;245;1000;1000;1000000
16/02/2023;Dupleks350;1000;2500;2500000
16/02/2023;Dupleks400;1000;2500;2500000
16/02/2023;Ivory230;3500;800;2800000
16/02/2023;GreaseProof;1000;300;300000
16/02/2023;Ivory230;1000;1800;1800000
16/02/2023;NCR;100;18000;1800000
19/02/2023;Ivory230;1000;1100;1100000
19/02/2023;Ivory250;1000;1700;1700000
19/02/2023;Craft310;1000;2000;2000000
19/02/2023;Ivory230;1000;1650;1650000
19/02/2023;GreaseProof;1000;300;300000
19/02/2023;StikerKertas;124;124;15376
19/02/2023;Foodpak260Glossy;5000;1200;6000000
19/02/2023;FoodpakMatte245;2000;1500;3000000
21/02/2023;HVS;40000;250;10000000
21/02/2023;Foodpak260;1000;1700;1700000
21/02/2023;CraftLaminasi290;3000;800;2400000
21/02/2023;CraftFoodpak290;2000;875;1750000
23/02/2023;CraftLaminasi290;5000;850;4250000
23/02/2023;CraftLaminasi290;3000;700;2100000
23/02/2023;Ivory230;2000;1450;2900000
02/03/2023;Dupleks350;2000;1975;3950000
02/03/2023;Ivory230;3000;950;2850000
02/03/2023;CraftPackaging8;1000;1250;1250000
02/03/2023;Ivory250+Laminasi;1000;2700;2700000
03/03/2023;Dupleks310;2000;1600;3200000
04/03/2023;Ivory270;2000;2250;4500000
04/03/2023;Ivory270;1000;2900;2900000
04/03/2023;Ivory270;2000;1800;3600000
06/03/2023;Dupleks350;2000;1600;3200000
06/03/2023;FoodpakMatte245;2000;1500;3000000
06/03/2023;Ivory230;1000;1350;1350000
06/03/2023;Dupleks310;1500;1700;2550000
06/03/2023;FoodpakGlossy320;1000;3800;3800000
06/03/2023;Dupleks270;2500;1700;4250000
09/03/2023;Ivory270;1000;2400;2400000
09/03/2023;GreaseProof;1000;300;300000
09/03/2023;Dupleks310;1000;1600;1600000
09/03/2023;CraftLaminasi290;4000;1700;6800000
10/03/2023;CraftLaminasi290;1000;1200;1200000
11/03/2023;CraftLaminasi290;2000;1600;3200000
11/03/2023;CraftLaminasi290;1000;1200;1200000
12/03/2023;Ivory250;2000;1400;2800000
13/03/2023;Dupleks310;1000;1550;1550000
14/03/2023;Ivory230;1120;1050;1176000
14/03/2023;Ivory230;2000;945;1890000
14/03/2023;Dupleks350;1000;2000;2000000
14/03/2023;Ivory250;1000;1900;1900000
14/03/2023;GreaseProof;3500;250;875000
14/03/2023;Dupleks310;2000;1800;3600000
14/03/2023;GreaseProof;2000;300;600000
15/03/2023;Ivory250;1000;1100;1100000
15/03/2023;CraftLaminasi290;2000;800;1600000
15/03/2023;CraftFoodpak290;1500;875;1312500
15/03/2023;CraftLaminasi290;1000;850;850000
15/03/2023;Ivory350;1000;1100;1100000
15/03/2023;Ivory350;1000;1100;1100000
15/03/2023;Dupleks350;2000;1500;3000000
18/03/2023;CraftLaminasi290;1000;1200;1200000
18/03/2023;Dupleks310;1000;2200;2200000
19/03/2023;Ivory250;1000;2000;2000000
19/03/2023;Ivory250;1000;1900;1900000
20/03/2023;CraftLaminasi290;2000;900;1800000
20/03/2023;CraftFoodpak2900;2000;1200;2400000
20/03/2023;Ivory230;3000;950;2850000
23/03/2023;FoodpakMatte245;5000;1500;7500000
23/03/2023;FoodpakMatte245;4000;1050;4200000
24/03/2023;Ivory270;2000;900;1800000
24/03/2023;Ivory230;1000;1450;1450000
24/03/2023;Dupleks270Laminating;1000;2000;2000000
24/03/2023;Ivory270;1000;2700;2700000
25/03/2023;GreaseProof;2000;300;600000
25/03/2023;GreaseProof;1000;300;300000
25/03/2023;Dupleks310;1000;2000;2000000
25/03/2023;DUPLEKS310;1000;1300;1300000
28/03/2023;Ivory230;1000;1500;1500000
28/03/2023;FoodpakMatte245;3000;1200;3600000
29/03/2023;FoodpakMatte245;3500;1200;4200000
29/03/2023;FoodpakMatte245;1000;1200;1200000
30/03/2023;Dupleks310;2000;1400;2800000
31/03/2023;CraftLaminasi290;2000;800;1600000
01/04/2023;FoodpakGlossy320;1000;2600;2600000
01/04/2023;Dupleks310;1000;1800;1800000
03/04/2023;FoodpakMatte245;3000;1500;4500000
03/04/2023;Ivory230;1000;1350;1350000
03/04/2023;CraftLaminasi290;5000;850;4250000
03/04/2023;Dupleks310;1000;1800;1800000
04/04/2023;Duplex310;5000;1100;5500000
04/04/2023;Dupleks270;1000;1600;1600000
05/04/2023;GreaseProof;3500;250;875000
05/04/2023;GreaseProof;1000;300;300000
05/04/2023;GreaseProof;1000;300;300000
07/04/2023;Ivory250;1000;1000;1000000
07/04/2023;Kinstruk150gsm;2000;500;1000000
10/04/2023;Ivory250;1000;1600;1600000
10/04/2023;FoodpakMatte245;1000;1200;1200000
12/04/2023;CraftLaminasi290;4000;1600;6400000
12/04/2023;ivory230;1000;1200;1200000
12/04/2023;Ivory250;1000;1700;1700000
12/04/2023;Ivory350;2000;950;1900000
13/04/2023;Ivory350;2000;950;1900000
13/04/2023;FoodpakMatte245;3500;1000;3500000
14/04/2023;CraftFoodpak;1000;600;600000
14/04/2023;CraftFoodpak;1000;1800;1800000
14/04/2023;Kinstruk150gsm;215;99970;21493550
15/04/2023;CraftFoodpak;3000;1875;5625000
15/04/2023;Ivory300;1000;2400;2400000
15/04/2023;GreaseProof;1000;300;300000
16/04/2023;CraftLaminasi290;2000;800;1600000
16/04/2023;CraftFoodpak290;1500;875;1312500
17/04/2023;Duplex310;5000;1100;5500000
17/04/2023;Dupleks350;1000;2250;2250000
17/04/2023;Dupleks400;1000;2250;2250000
18/04/2023;CEMERLANGINDAHSELARAS;1000;1850;1850000
23/04/2023;CraftPackaging8;1000;1200;1200000
23/04/2023;Craft290Laminasi8;1000;950;950000
23/04/2023;Ivory250;1000;1300;1300000
25/04/2023;FoodpakMatte245;5000;1500;7500000
26/04/2023;Ivory230;1000;1400;1400000
26/04/2023;Ivory230;1000;1600;1600000
26/04/2023;Ivory245Matte;1000;1800;1800000
28/04/2023;Craft310;2000;1200;2400000
28/04/2023;Foodpak260Glossy;3000;2300;6900000
28/04/2023;GreaseProof;1000;300;300000
28/04/2023;Foodpak245;1000;1000;1000000
28/04/2023;CraftLaminasi290;3000;800;2400000
28/04/2023;CraftFoodpak290;2000;875;1750000
28/04/2023;CraftLaminasi290;1000;850;850000
28/04/2023;Dupleks310;2000;1800;3600000
28/04/2023;Ivory230;2000;945;1890000
29/04/2023;HVS;20000;250;5000000
29/04/2023;Dupleks310;1000;1550;1550000
29/04/2023;Dupleks310;1000;1500;1500000
29/04/2023;Dupleks310;3500;1700;5950000
29/04/2023;CraftLaminasi290;6000;950;5700000
15/04/2023;GreaseProof;1000;400;400000
30/04/2023;Ivory230;3500;800;2800000
30/04/2023;Ivory250;1000;1700;1700000
30/04/2023;Dupleks310;1000;1700;1700000
30/04/2023;Ivory230;1000;1900;1900000
30/04/2023;Ivory230;1000;950;950000
30/04/2023;Ivory230;1000;1500;1500000
30/04/2023;Ivory230;2000;750;1500000
03/05/2023;Ivory250;1000;1100;1100000
03/05/2023;Duplex310;10000;1100;11000000
02/05/2023;Dupleks310;1000;1850;1850000
03/05/2023;CraftFoodpak290;1000;850;850000
04/05/2023;Dupleks270;1000;1400;1400000
04/05/2023;Dupleks270;500;1800;900000
05/05/2023;Dupleks350;2000;1975;3950000
05/05/2023;Dupleks350;1000;3000;3000000
05/05/2023;GreaseProof;1000;250;250000
05/05/2023;Dupleks310;2000;1900;3800000
05/05/2023;HVS;2000;250;500000
06/05/2023;Dupleks350;2000;1500;3000000
06/05/2023;Foodpak260Glossy;5000;1450;7250000
06/05/2023;Unbleaching;1000;400;400000
06/05/2023;Ivory250;1000;2500;2500000
06/05/2023;CraftFoodpak290;1000;1700;1700000
06/05/2023;FoodpakMatte245;5000;1500;7500000
06/05/2023;Ivory230;2000;1350;2700000
08/05/2023;FoodpakGlossy320;1000;2600;2600000
08/05/2023;FoodpakMatte245;1000;1800;1800000
09/05/2023;Kinstruk150;1000;1000;1000000
09/05/2023;GreaseProof;3000;700;2100000
10/05/2023;Ivory350;10000;950;9500000
11/05/2023;Dupleks350;1000;3000;3000000
12/05/2023;Foodpak260Matte;3000;1200;3600000
12/05/2023;Dupleks310;1000;1500;1500000
12/05/2023;GreaseProof;1000;300;300000
13/05/2023;GreaseProof;3500;250;875000
13/05/2023;Ivory230;1000;1400;1400000
13/05/2023;Ivory230;1000;1200;1200000
15/05/2023;Ivory230;1000;1700;1700000
16/05/2023;Dupleks310;1000;1700;1700000
17/05/2023;FoodpakMatte245;1000;850;850000
17/05/2023;Ivory350;1000;2700;2700000
17/05/2023;CraftLaminasi290;4000;1500;6000000
18/05/2023;Dupleks310;1000;2000;2000000
19/05/2023;CraftLaminasi290;2000;900;1800000
20/05/2023;CraftBiasa310;1000;1700;1700000
20/05/2023;Ivory230;2000;1450;2900000
20/05/2023;Dupleks310;2000;1000;2000000
22/05/2023;Kinstruk150;1000;1000;1000000
22/05/2023;Ivory250;1000;1600;1600000
22/05/2023;GreaseProof;3500;500;1750000
22/05/2023;Ivory350;6000;900;5400000
22/05/2023;Ivory350;4000;900;3600000
22/05/2023;Ivory230;1000;1300;1300000
23/05/2023;Ivory250;2000;1400;2800000
23/05/2023;Dupleks310;3000;1700;5100000
24/05/2023;Ivory250;2000;1000;2000000
25/05/2023;Ivory350;10000;900;9000000
25/05/2023;Ivory230;1000;1600;1600000
25/05/2023;Ivory230;1000;1600;1600000
25/05/2023;GreaseProof;1000;300;300000
26/05/2023;Dupleks310;1000;1800;1800000
26/05/2023;FoodpakMatte245;6000;1100;6600000
26/05/2023;GreaseProof;1000;300;300000
27/05/2023;Ivory270;1000;2200;2200000
28/05/2023;CraftLaminasi290;3000;800;2400000
28/05/2023;CraftFoodpak290;2000;875;1750000
28/05/2023;Ivory230;1000;1700;1700000
29/05/2023;Dupleks350;1000;3800;3800000
29/05/2023;Dupleks270;1000;1900;1900000
29/05/2023;GreaseProof;1000;300;300000
31/05/2023;Dupleks350;2000;1500;3000000
31/05/2023;FoodpakMatte245;3000;1500;4500000
31/05/2023;Ivory230;2000;1350;2700000
31/05/2023;FoodpakMatte;1000;2200;2200000
31/05/2023;FoodpakMatte;1000;1500;1500000
01/06/2023;Ivory230;3500;1200;4200000
01/06/2023;Ivory230;1000;945;945000
03/06/2023;Craft310;1000;2000;2000000
03/06/2023;FoodpakMatte245;1000;1200;1200000
03/06/2023;Foodpak260Matte;3000;1000;3000000
03/06/2023;CraftLaminasi290;2000;1600;3200000
05/06/2023;GreaseProof;1000;400;400000
06/06/2023;Ivory230;1000;1300;1300000
06/06/2023;Dupleks310;1000;1700;1700000
07/06/2023;Ivory250;1000;1700;1700000
07/06/2023;Dupleks350;2000;1600;3200000
08/06/2023;Ivory350;6000;900;5400000
08/06/2023;Ivory350;4000;900;3600000
08/06/2023;Foodpak260Matte;1000;2500;2500000
08/06/2023;FoodpakMatte295;1000;1900;1900000
08/06/2023;GreaseProof;3500;250;875000
10/06/2023;Ivory230;1000;950;950000
10/06/2023;Foodpak245;1000;1000;1000000
11/06/2023;Ivory230;1000;1800;1800000
11/06/2023;Dupleks310;1000;2200;2200000
12/06/2023;Ivory230;1000;1700;1700000
12/06/2023;StikerKertas;8;15000;120000
12/06/2023;StikerKertas;20;15000;300000
13/06/2023;Dupleks310;1000;1600;1600000
14/06/2023;Ivory245Matte;1000;1800;1800000
14/06/2023;Dupleks400;1000;2500;2500000
15/06/2023;Unbleached;1000;1000;1000000
15/06/2023;Ivory270;500;2400;1200000
15/06/2023;Ivory270;500;2400;1200000
15/06/2023;Ivory270;500;2400;1200000
15/06/2023;CraftLaminasi290;2000;800;1600000
15/06/2023;CraftLaminasi290;1500;875;1312500
15/06/2023;CraftLaminasi290;1500;850;1275000
15/06/2023;CraftLaminasi290;1000;950;950000
15/06/2023;Foodpak245;1000;1500;1500000
15/06/2023;Dupleks310;2000;1600;3200000
15/06/2023;Dupleks310P;1000;1450;1450000
15/06/2023;Dupleks310;3500;1100;3850000
16/06/2023;Dupleks310;1000;1700;1700000
16/06/2023;SISAKERTAS;1000;1200;1200000
16/06/2023;Ivory350;8000;900;7200000
16/06/2023;Ivory350;2000;900;1800000
16/06/2023;FoodpakMatte245;2000;1500;3000000
17/06/2023;Dupleks310;1000;1700;1700000
17/06/2023;Ivory230;1000;945;945000
18/06/2023;GreaseProof;1000;300;300000
18/06/2023;Ivory230;5000;800;4000000
19/06/2023;GreaseProof;1000;300;300000
19/06/2023;Dupleks310;1500;1700;2550000
21/06/2023;CraftLaminasi290;4000;1500;6000000
22/06/2023;Dupleks310;1000;1400;1400000
22/06/2023;GreaseProof;1000;300;300000
23/06/2023;FoodpakMatte245;2000;1000;2000000
26/06/2023;FoodpakMatte245;1000;1500;1500000
26/06/2023;FoodpakMatte245;3000;1500;4500000
26/06/2023;Ivory230;2000;1350;2700000
26/06/2023;HVS;20000;250;5000000
26/06/2023;Craft310;3000;1400;4200000
01/07/2023;FoodpakGlossy320;2000;4300;8600000
01/07/2023;FoodpakGlossy320;2000;2500;5000000
03/07/2023;Ivory270;2000;700;1400000
03/07/2023;Ivory270;2000;1900;3800000
03/07/2023;Ivory270;1000;2900;2900000
03/07/2023;Dupleks310;1000;2000;2000000
03/07/2023;Dupleks310;1000;1200;1200000
03/07/2023;Dupleks310;1000;2250;2250000
03/07/2023;Dupleks350;1000;2250;2250000
03/07/2023;GreaseProof40;2000;250;500000
03/07/2023;Dupleks310;1000;2000;2000000
03/07/2023;Dupleks350;2000;1975;3950000
03/07/2023;Dupleks310;1000;2000;2000000
03/07/2023;Ivory250;1000;1700;1700000
04/07/2023;Ivory300;1000;1500;1500000
04/07/2023;Dupleks310;1000;2100;2100000
04/07/2023;Ivory230;3500;800;2800000
05/07/2023;Ivory230;2000;1300;2600000
05/07/2023;GreaseProof;1000;400;400000
05/07/2023;Foodpak260Matte;3000;1200;3600000
05/07/2023;Ivory270;1000;2000;2000000
05/07/2023;Dupleks350;2000;1800;3600000
05/07/2023;CraftLaminasi290;2000;900;1800000
07/07/2023;Dupleks310;2000;2200;4400000
07/07/2023;Dupleks310;1000;1450;1450000
07/07/2023;Ivory230;1000;1200;1200000
07/07/2023;Ivory230;1000;950;950000
07/07/2023;Kinstruk150;1000;1000;1000000
08/07/2023;CraftLaminasi290;3000;800;2400000
08/07/2023;CraftLaminasi290;2000;875;1750000
08/07/2023;GreaseProof;3500;250;875000
09/07/2023;GreaseProof;1000;300;300000
10/07/2023;Dupleks270;3000;1800;5400000
11/07/2023;Dupleks270;3000;1400;4200000
11/07/2023;Dupleks310;1000;2200;2200000
12/07/2023;Ivory270;1000;1300;1300000
12/07/2023;Dupleks350;2000;1600;3200000
12/07/2023;CraftBiasa310;1000;1700;1700000
12/07/2023;Ivory230;1000;1200;1200000
12/07/2023;Dupleks350;2000;1500;3000000
13/07/2023;Dupleks310;2000;1900;3800000
13/07/2023;GreaseProof;1000;300;300000
14/07/2023;Craft310;1000;1200;1200000
14/07/2023;KertasStiker;6;15000;90000
14/07/2023;Foodpak260;1000;1700;1700000
14/07/2023;Ivory230GC;1000;1700;1700000
15/07/2023;FoodpakMatte245;3000;1500;4500000
15/07/2023;Ivory230;1000;1350;1350000
16/07/2023;Ivory230;1000;1500;1500000
16/07/2023;Dupleks270Laminating;1000;2000;2000000
16/07/2023;CraftLaminasi290;5000;1500;7500000
17/07/2023;Ivory230;1000;1600;1600000
17/07/2023;Ivory230;1000;1600;1600000
17/07/2023;Kinstruk250;1000;1200;1200000
17/07/2023;KertasStiker;5;15000;75000
18/07/2023;GreaseProof;1000;300;300000
19/07/2023;HVSHIJAU;20000;250;5000000
19/07/2023;Craft270;1000;1400;1400000
19/07/2023;Foodpak245;1000;1500;1500000
20/07/2023;CraftLaminasi;500;1700;850000
20/07/2023;CraftLaminasi;1000;1400;1400000
20/07/2023;Dupleks310;1000;1900;1900000
20/07/2023;PaperCup8Oz;1000;1850;1850000
20/07/2023;Ivory250;1000;1500;1500000
20/07/2023;Ivory250;1000;1100;1100000
20/07/2023;Ivory250;2000;1400;2800000
20/07/2023;CraftLaminasi8;1000;1200;1200000
20/07/2023;GreaseProof;1000;300;300000
21/07/2023;Ivory230;1000;1700;1700000
21/07/2023;Ivory250;1000;1900;1900000
21/07/2023;FoodpakMatte295;1000;3500;3500000
22/07/2023;Ivory250;2000;700;1400000
22/07/2023;Ivory245Matte;1000;1800;1800000
23/07/2023;CraftLaminasi290;1000;950;950000
24/07/2023;Dupleks310;2000;1900;3800000
25/07/2023;Ivory230;1000;1500;1500000
25/07/2023;Ivory300;2000;1350;2700000
25/07/2023;Craft290Foodpak;1000;1200;1200000
25/07/2023;Foodpak260Glossy;5000;1450;7250000
26/07/2023;Ivory300;1000;3200;3200000
27/07/2023;GreaseProof;3500;250;875000
27/07/2023;Dupleks350;2000;1500;3000000
27/07/2023;Foodpak260Matte;3000;1000;3000000
27/07/2023;Foodpak245;1000;1000;1000000
27/07/2023;Ivory230+LaminasiDoff;1000;1100;1100000
27/07/2023;GreaseProof;1000;450;450000
27/07/2023;FoodpakMatte245;2000;1000;2000000
29/07/2023;Ivory250;2000;1700;3400000
30/07/2023;Dupleks310;2000;1700;3400000
31/07/2023;FoodpakMatte245;3000;1500;4500000
31/07/2023;Ivory230;1000;1350;1350000
31/07/2023;Dupleks350;1000;3000;3000000
31/07/2023;Ivory270;1100;1300;1430000
31/07/2023;Cupstock;1000;2800;2800000
01/08/2023;Ivory230;1000;1400;1400000
01/08/2023;Craft290Laminasi;1000;1200;1200000
02/08/2023;Ivory350;8000;900;7200000
02/08/2023;Ivory350;4000;900;3600000
02/08/2023;Ivory230;3500;800;2800000
02/08/2023;Dupleks350;2000;2000;4000000
02/08/2023;Dupleks310;1000;1700;1700000
03/08/2023;Ivory230;2000;950;1900000
03/08/2023;Ivory230;1000;1400;1400000
04/08/2023;Ivory210;1000;1200;1200000
04/08/2023;Ivory270;1000;5000;5000000
05/08/2023;Dupleks310;3500;1300;4550000
05/08/2023;Ivory250;1000;500;500000
05/08/2023;Craft270;1000;1350;1350000
05/08/2023;CraftFoodpak290;2000;1700;3400000
07/08/2023;Dupleks270;1000;1900;1900000
07/08/2023;FoodpakMatte245;2000;1000;2000000
07/08/2023;Ivory270;4000;700;2800000
07/08/2023;GreaseProof;3500;250;875000
07/08/2023;Dupleks270;4000;1800;7200000
07/08/2023;Dupleks270;4000;1400;5600000
07/08/2023;FoodpakMatte245;6000;1100;6600000
08/08/2023;CraftFoodpak290;500;2500;1250000
09/08/2023;FoodpakMatte245;1000;1500;1500000
09/08/2023;CraftLaminasi290;3000;800;2400000
09/08/2023;CraftLaminasi290;2000;875;1750000
09/08/2023;GreaseProof;1000;300;300000
09/08/2023;CraftLaminasi290;1000;1400;1400000
09/08/2023;Dupleks310;1000;1800;1800000
10/08/2023;Dupleks310;1000;2300;2300000
10/08/2023;Dupleks310;2000;1900;3800000
11/08/2023;Dupleks310;1000;2500;2500000
11/08/2023;Dupleks310;1000;1500;1500000
11/08/2023;Dupleks310;1000;1400;1400000
13/08/2023;Ivory;450;1700;765000
13/08/2023;Foodpak260Matte;3000;1200;3600000
13/08/2023;CraftLaminasi290;2000;1600;3200000
13/08/2023;Dupleks350;2000;1975;3950000
13/08/2023;Ivory270;1000;2250;2250000
13/08/2023;Ivory270;1000;1800;1800000
13/08/2023;Ivory270;1000;1800;1800000
14/08/2023;Ivory230;1000;945;945000
16/08/2023;Dupleks310;1000;2000;2000000
16/08/2023;Dupleks270;1000;2000;2000000
16/08/2023;Craft290;1000;1100;1100000
16/08/2023;Ivory230;1000;950;950000
17/08/2023;Ivory230;3500;1100;3850000
18/08/2023;Ivory250;1000;1700;1700000
19/08/2023;Dupleks270;1000;1900;1900000
20/08/2023;FoodpakMatte245;4000;1500;6000000
20/08/2023;Ivory230;1000;1350;1350000
20/08/2023;Dupleks310;2000;1450;2900000
20/08/2023;Dupleks350;2000;1500;3000000
20/08/2023;Dupleks310;2000;1900;3800000
20/08/2023;Dupleks350;2000;1800;3600000
20/08/2023;Ivory270;1000;2250;2250000
20/08/2023;HVS;5000;300;1500000
21/08/2023;Dupleks310;1000;1850;1850000
21/08/2023;CraftLaminasi290;3000;1000;3000000
21/08/2023;Ivory270;1000;2500;2500000
21/08/2023;Ivory270;1000;2700;2700000
21/08/2023;Dupleks310;2000;1700;3400000
21/08/2023;Foodpak245;2000;1500;3000000
22/08/2023;KertasStikerA3;200;500;100000
23/08/2023;Ivory300;1000;1800;1800000
23/08/2023;Ivory300;1000;1700;1700000
24/08/2023;Dupleks310;2000;1700;3400000
24/08/2023;Dupleks310;3500;1700;5950000
24/08/2023;Dupleks310;3500;1700;5950000
24/08/2023;CraftLaminasi290;6000;950;5700000
24/08/2023;HVS;20000;250;5000000
24/08/2023;Ivory300;1000;4200;4200000
24/08/2023;Ivory300;500;6550;3275000
24/08/2023;Ivory300;500;6550;3275000
24/08/2023;Ivory300;500;5500;2750000
27/08/2023;CraftLaminasi290;1000;1350;1350000
27/08/2023;Dupleks310;1000;2000;2000000
27/08/2023;FoodpakMatte245;1000;1500;1500000
28/08/2023;Dupleks310;2000;1450;2900000
28/08/2023;CraftLaminasi290;2000;900;1800000
28/08/2023;CraftLaminasi290;1500;800;1200000
28/08/2023;CraftLaminasi290;1500;875;1312500
28/08/2023;CraftLaminasi290;1500;850;1275000
28/08/2023;Ivory230;1000;1700;1700000
28/08/2023;Ivory230;1000;2000;2000000
28/08/2023;Dupleks310;1000;1700;1700000
29/08/2023;Dupleks310;3000;1800;5400000
29/08/2023;Craf270;1000;2000;2000000
29/08/2023;Ivory230;1000;1000;1000000
29/08/2023;GreaseProof;5000;250;1250000
30/08/2023;Dupleks310IK;500;1500;750000
31/08/2023;Dupleks350IK;1500;1800;2700000
31/08/2023;Ivory300;1000;3400;3400000
31/08/2023;Ivory350;10000;900;9000000
31/08/2023;Ivory350;2000;900;1800000
31/08/2023;FoodpakMatte245;1000;1500;1500000
31/08/2023;GreaseProof;1000;400;400000
31/08/2023;Dupleks310P;1000;2250;2250000
31/08/2023;Dupleks350P;1000;2250;2250000
31/08/2023;Greseproof40;2000;250;500000
01/09/2023;Dupleks310;1000;1700;1700000
02/09/2023;Kinstruk250;2000;1150;2300000
02/09/2023;KertasStiker;5;15000;75000
03/09/2023;Ivory350;10000;900;9000000
03/09/2023;Ivory350;4000;900;3600000
03/09/2023;Ivory350;1000;2600;2600000
03/09/2023;CraftLaminasi290;4000;1500;6000000
05/09/2023;CraftLaminasi290;1000;1200;1200000
06/09/2023;GreaseProof;1000;300;300000
06/09/2023;Dupleks310;1000;1500;1500000
06/09/2023;GreaseProof;1000;300;300000
06/09/2023;CraftLaminasi290;1000;950;950000
07/09/2023;Dupleks310;2000;1600;3200000
08/09/2023;CraftLaminasi290;1000;950;950000
08/09/2023;Dupleks310;2000;1900;3800000
08/09/2023;Ivory250;1000;1900;1900000
08/09/2023;Foodpak245Matte;4000;1500;6000000
08/09/2023;Ivory230;1000;1350;1350000
08/09/2023;Dupleks310;1000;1900;1900000
09/09/2023;Ivory230;1000;1600;1600000
09/09/2023;Ivory230;1000;1700;1700000
09/09/2023;Ivory250;1000;1550;1550000
09/09/2023;Foodpak260Matte;4500;1000;4500000
09/09/2023;Dupleks310;1000;1400;1400000
12/09/2023;Dupleks310;1000;1700;1700000
12/09/2023;Dupleks310;1000;1500;1500000
12/09/2023;Dupleks310;1000;1700;1700000
13/09/2023;GreaseProof;1000;300;300000
13/09/2023;GreaseProof;1000;400;400000
13/09/2023;Ivory250;1000;1600;1600000
14/09/2023;Dupleks310;1000;2000;2000000
15/09/2023;Dupleks350;500;3000;1500000
16/09/2023;Foodpak245Matte;4000;1500;6000000
16/09/2023;Ivory230;1000;1350;1350000
16/09/2023;Ivory230;3500;800;2800000
17/09/2023;FoodpakMatte245;2000;1000;2000000
17/09/2023;Ivory230;1000;950;950000
17/09/2023;Foodpak245;1000;1000;1000000
19/09/2023;Dupleks350;500;2650;1325000
19/09/2023;Dupleks350;500;2600;1300000
19/09/2023;Dupleks350;500;2500;1250000
19/09/2023;Dupleks350;500;2500;1250000
19/09/2023;Dupleks310;1000;1900;1900000
19/09/2023;NCR;50;12000;600000
20/09/2023;Ivory230;1000;945;945000
20/09/2023;Ivory230;1000;945;945000
20/09/2023;Ivory250;1000;700;700000
20/09/2023;Dupleks350;2000;1600;3200000
20/09/2023;Dupleks270;5000;1400;7000000
21/09/2023;Ivory250;1000;1500;1500000
22/09/2023;Ivory250;1000;1700;1700000
22/09/2023;KertasStikerA3;5;15000;75000
22/09/2023;Greaseproof40gram;500;300;150000
22/09/2023;CraftLaminasi290;1500;800;1200000
23/09/2023;CraftLaminasi290;1500;875;1312500
24/09/2023;Dupleks310;1000;2150;2150000
25/09/2023;Ivory300;1000;2700;2700000
25/09/2023;GreaseProof;1000;300;300000
25/09/2023;CraftLaminasi290;1000;1400;1400000
26/09/2023;FoodpakMatte245;1000;600;600000
26/09/2023;FoodpakMatte245;1000;1100;1100000
26/09/2023;Dupleks310;1000;2750;2750000
27/09/2023;Ivory250;1000;2000;2000000
27/09/2023;GreaseProof;1000;400;400000
28/09/2023;Dupleks350;1000;2500;2500000
28/09/2023;Dupleks400;1000;2500;2500000
29/09/2023;Ivory250;2000;1400;2800000
30/09/2023;Dupleks350;2000;1800;3600000
30/09/2023;Dupleks310;1000;1900;1900000
30/09/2023;Ivory245Matte;1000;1800;1800000
01/10/2023;Dupleks310;2000;1300;2600000
01/10/2023;CraftLaminasi;1000;1500;1500000
01/10/2023;Ivory230;2000;945;1890000
02/10/2023;Foodpak260Matte;1000;2300;2300000
03/10/2023;Ivory230;1000;1700;1700000
04/10/2023;GreaseProof;1000;1000;1000000
05/10/2023;Dupleks350;2000;1975;3950000
05/10/2023;Ivory350;10000;900;9000000
05/10/2023;Ivory350;4000;900;3600000
05/10/2023;GreaseProof;1000;400;400000
06/10/2023;Foodpakmatte245;1000;1600;1600000
07/10/2023;Ivory300;1000;1550;1550000
08/10/2023;Dupleks310P;3000;1450;4350000
08/10/2023;Dupleks350;2000;1800;3600000
08/10/2023;CraftLaminasi290;3000;800;2400000
08/10/2023;CraftLaminasi290;1500;875;1312500
08/10/2023;Dupleks310;1000;1850;1850000
08/10/2023;CraftLaminasi290;2000;1000;2000000
08/10/2023;HVS;10000;275;2750000
09/10/2023;GreaseProof;1000;450;450000
09/10/2023;Ivory230;1000;1000;1000000
09/10/2023;CraftFoodpak290;1000;850;850000
09/10/2023;Ivory250;1000;1600;1600000
09/10/2023;CraftLaminasi290;4000;1500;6000000
10/10/2023;Ivory300;1000;1500;1500000
11/10/2023;Ivory230;1000;1800;1800000
12/10/2023;Ivory250;1000;1700;1700000
12/10/2023;FoodpakMatte245;1000;1500;1500000
12/10/2023;FoodpakMatte245;4000;1500;6000000
12/10/2023;Dupleks350;2500;1800;4500000
13/10/2023;GreaseProof32gram;1000;400;400000
14/10/2023;Ivory230;1000;1600;1600000
14/10/2023;Ivory230;1000;1600;1600000
14/10/2023;Dupleks310;1000;1700;1700000
14/10/2023;Ivory270;1000;1900;1900000
14/10/2023;FoodpakMatte245;500;1500;750000
14/10/2023;FoodpakMatte245;500;1300;650000
14/10/2023;BOWL800ML;1000;2800;2800000
14/10/2023;CraftLaminasi290;2000;900;1800000
15/10/2023;Craft310;3000;1400;4200000
16/10/2023;Dupleks350;2000;1500;3000000
17/10/2023;Unbleached;1000;1000;1000000
17/10/2023;Foodpak260Matte;3000;1200;3600000
17/10/2023;FoodpakMatte295;1000;1900;1900000
18/10/2023;FoodpakMatte245;2000;1000;2000000
18/10/2023;Dupleks310;1000;1800;1800000
19/10/2023;Ivory250;1000;700;700000
19/10/2023;Dupleks270;1000;1900;1900000
20/10/2023;Ivory230;1000;950;950000
20/10/2023;CraftLaminasi;1000;900;900000
20/10/2023;CraftLaminasi;1000;900;900000
20/10/2023;HVS;20000;250;5000000
20/10/2023;FoodpakMatte245;1000;2400;2400000
21/10/2023;Ivory300;1000;3000;3000000
21/10/2023;CraftLaminasi;1000;900;900000
21/10/2023;Dupleks310;1000;1450;1450000
23/10/2023;CraftLaminasi290;1000;1400;1400000
23/10/2023;Ivory250;1000;1550;1550000
23/10/2023;CraftLaminasi;1000;1700;1700000
23/10/2023;Dupleks310;1000;1700;1700000
24/10/2023;FoodpakMatte245;1000;1700;1700000
24/10/2023;Dupleks310;1000;1700;1700000
24/10/2023;CraftLaminasi8;1000;1200;1200000
25/10/2023;Unbleaching;1000;400;400000
25/10/2023;Dupleks310;1000;1700;1700000
25/10/2023;Ivory350;10000;900;9000000
25/10/2023;Ivory350;4000;900;3600000
25/10/2023;GreaseProof;1000;300;300000
26/10/2023;Ivory270;2000;1800;3600000
26/10/2023;Ivory270;1000;2100;2100000
27/10/2023;GreaseProof;1000;300;300000
28/10/2023;CraftLaminasi290;1500;800;1200000
28/10/2023;CraftLaminasi290;1000;875;875000
28/10/2023;CraftLaminasi290;1000;850;850000
28/10/2023;Dupleks310;1000;1700;1700000
29/10/2023;Ivory230;3500;800;2800000
29/10/2023;Dupleks270;2000;1400;2800000
30/10/2023;Dupleks350;1000;3000;3000000
30/10/2023;Dupleks350;3000;250;750000
30/10/2023;FoodpakMatte245;4000;1500;6000000
30/10/2023;Ivory230;1000;1350;1350000
31/10/2023;FoodpakMatte245;2000;1000;2000000
01/11/2023;Bowl650mlCIS;5000;1700;8500000
02/11/2023;Dupleks310P;1000;2250;2250000
02/11/2023;Dupleks350P;1000;2250;2250000
03/11/2023;FoodpakMatte245;1000;1600;1600000
03/11/2023;FoodpakMatte245;1000;1600;1600000
03/11/2023;Dupleks310;2000;1600;3200000
03/11/2023;Kinstruk150gsm;500;500;250000
03/11/2023;FoodpakMatte245;1000;1500;1500000
04/11/2023;Dupleks270;1000;2000;2000000
06/11/2023;Dupleks270;4000;1400;5600000
06/11/2023;GreaseProof;3500;250;875000
07/11/2023;Dupleks310Eplex;2000;1800;3600000
07/11/2023;Ivory270;1000;2500;2500000
07/11/2023;Ivory270;1000;2100;2100000
07/11/2023;Ivory270;1000;2100;2100000
07/11/2023;Ivory270;1000;2100;2100000
07/11/2023;Ivory250;1000;1500;1500000
07/11/2023;FoodpakMatte245;1000;1500;1500000
08/11/2023;Ivory230;3500;1100;3850000
08/11/2023;Foodpak260Glossy;5000;1450;7250000
09/11/2023;Dupleks350;2000;1975;3950000
09/11/2023;CraftLaminasi290;2000;1600;3200000
09/11/2023;Dupleks310;1000;1500;1500000
10/11/2023;Ivory230;1000;1400;1400000
10/11/2023;Ivory230;1000;1600;1600000
11/11/2023;Dupleks310;1000;1900;1900000
11/11/2023;Dupleks310;1000;1900;1900000
11/11/2023;Dupleks350;1000;1700;1700000
11/11/2023;Dupleks350;3500;2000;7000000
11/11/2023;Dupleks350;3500;1900;6650000
11/11/2023;Dupleks350;3000;1600;4800000
12/11/2023;Foodpak260Matte;3000;1200;3600000
13/11/2023;Dupleks350;2000;1600;3200000
14/11/2023;FoodpakGlossy;500;2650;1325000
14/11/2023;FoodpakGlossy;500;2650;1325000
14/11/2023;FoodpakGlossy;500;2650;1325000
14/11/2023;FoodpakGlossy;500;2650;1325000
14/11/2023;Dupleks270Laminating;1000;2000;2000000
14/11/2023;Ivory230;1000;1300;1300000
14/11/2023;Ivory230;1000;900;900000
15/11/2023;CraftLaminasi290;2000;800;1600000
15/11/2023;CraftLaminasi290;1500;875;1312500
15/11/2023;FoodpakMatte;1000;2200;2200000
15/11/2023;GreaseProof;1000;300;300000
